-- Insert into Tournament

INSERT INTO Tournament (HostCountry, TournamentYear, TournamentID) VALUES
('Northern Mariana Islands', 2003, 301),
('Bouvet Island (Bouvetoya)', 2023, 302),
('Anguilla', 2007, 303),
('Saint Vincent and the Grenadines', 2004, 304),
('Falkland Islands (Malvinas)', 2003, 305),
('Ecuador', 2023, 306),
('Czech Republic', 2017, 307),
('Burundi', 2018, 308),
('Saint Pierre and Miquelon', 2001, 309),
('Bosnia and Herzegovina', 2002, 310),
('Philippines', 2007, 311),
('Saint Vincent and the Grenadines', 2019, 312),
('Uganda', 2017, 313),
('Mauritius', 2022, 314),
('Benin', 2022, 315),
('Namibia', 2013, 316),
('Jamaica', 2014, 317),
('Antigua and Barbuda', 2008, 318),
('Antarctica (the territory South of 60 deg S)', 2027, 319),
('Bermuda', 2024, 320),
('Cuba', 2005, 321),
('Djibouti', 2013, 322),
('Macedonia', 2008, 323),
('Netherlands Antilles', 2006, 324),
('Anguilla', 2024, 325),
('Moldova', 2003, 326),
('Congo', 2012, 327),
('Saint Barthelemy', 2011, 328),
('Pakistan', 2011, 329),
('Reunion', 2008, 330),
('Mauritius', 2001, 331),
('Italy', 2014, 332),
('Cyprus', 2003, 333),
('Kiribati', 2029, 334),
('Myanmar', 2002, 335),
('Fiji', 2009, 336),
('Sudan', 2020, 337),
('Trinidad and Tobago', 2028, 338),
('Albania', 2011, 339),
('Senegal', 2006, 340),
('Sri Lanka', 2002, 341),
('Cayman Islands', 2021, 342),
('Qatar', 2024, 343),
('Jamaica', 2002, 344),
('Guam', 2007, 345),
('Fiji', 2003, 346),
('Cape Verde', 2008, 347),
('Cuba', 2020, 348),
('Serbia', 2011, 349),
('Guadeloupe', 2011, 350),
('Bosnia and Herzegovina', 2006, 351),
('Bermuda', 2008, 352),
('Hong Kong', 2029, 353),
('Bhutan', 2020, 354),
('Guinea-Bissau', 2019, 355),
('Tanzania', 2005, 356),
('Guatemala', 2023, 357),
('Netherlands Antilles', 2005, 358),
('Estonia', 2012, 359),
('Sri Lanka', 2029, 360),
('Aruba', 2022, 361),
('Saint Lucia', 2007, 362),
('Kuwait', 2010, 363),
('Martinique', 2024, 364),
('British Virgin Islands', 2001, 365),
('Uzbekistan', 2026, 366),
('Honduras', 2025, 367),
('Belgium', 2012, 368),
('Mexico', 2002, 369),
('French Polynesia', 2029, 370),
('Switzerland', 2018, 371),
('Nigeria', 2022, 372),
('Nicaragua', 2006, 373),
('Turks and Caicos Islands', 2015, 374),
('Tokelau', 2028, 375),
('Guyana', 2020, 376),
('Montserrat', 2004, 377),
('Congo', 2004, 378),
('Romania', 2023, 379),
('Bangladesh', 2017, 380),
('Aruba', 2023, 381),
('Panama', 2013, 382),
('Denmark', 2018, 383),
('Sierra Leone', 2011, 384),
('French Guiana', 2004, 385),
('Belgium', 2015, 386),
('Timor-Leste', 2024, 387),
('Djibouti', 2027, 388),
('Tonga', 2004, 389),
('Bolivia', 2005, 390),
('Hong Kong', 2021, 391),
('Fiji', 2002, 392),
('Korea', 2012, 393),
('Norfolk Island', 2016, 394),
('Syrian Arab Republic', 2017, 395),
('Haiti', 2000, 396),
('Central African Republic', 2023, 397),
('Heard Island and McDonald Islands', 2021, 398),
('Guinea', 2017, 399),
('Cote d''Ivoire', 2008, 400);

-- Insert into Coach

INSERT INTO Coach (ExperienceYears, CoachFirstName, CoachID, CoachLastName) VALUES
(22, 'Julie', 301, 'Patton'),
(11, 'Todd', 302, 'Walls'),
(17, 'Michelle', 303, 'Mcclain'),
(33, 'Donald', 304, 'Young'),
(33, 'Rachel', 305, 'Johnson'),
(24, 'Joseph', 306, 'Whitney'),
(34, 'Elizabeth', 307, 'Fitzgerald'),
(32, 'Cynthia', 308, 'Clark'),
(24, 'Lindsay', 309, 'Estrada'),
(16, 'Corey', 310, 'Huynh'),
(32, 'Richard', 311, 'Briggs'),
(9, 'Brandy', 312, 'Gibson'),
(36, 'Candace', 313, 'Frost'),
(39, 'Adrian', 314, 'Williams'),
(13, 'Michelle', 315, 'Wright'),
(24, 'Anthony', 316, 'Nguyen'),
(8, 'Daniel', 317, 'Stanton'),
(22, 'Amanda', 318, 'Dixon'),
(15, 'Karen', 319, 'Fitzpatrick'),
(5, 'Carlos', 320, 'Collins'),
(15, 'Richard', 321, 'Bailey'),
(22, 'Carl', 322, 'Estrada'),
(18, 'Bruce', 323, 'Rush'),
(35, 'Michael', 324, 'Lowery'),
(37, 'Amber', 325, 'Mclaughlin'),
(31, 'Caleb', 326, 'Vazquez'),
(7, 'Jeff', 327, 'Graham'),
(28, 'Andrew', 328, 'Mcdaniel'),
(4, 'Lee', 329, 'Mack'),
(7, 'Lydia', 330, 'Green'),
(22, 'Donald', 331, 'Castro'),
(13, 'Amanda', 332, 'Lee'),
(28, 'John', 333, 'Thompson'),
(16, 'Robin', 334, 'Lam'),
(36, 'Dawn', 335, 'Kim'),
(35, 'Charles', 336, 'Baker'),
(16, 'Candace', 337, 'Carpenter'),
(31, 'Matthew', 338, 'Wiley'),
(4, 'Candace', 339, 'Hicks'),
(25, 'James', 340, 'Graham'),
(28, 'William', 341, 'Anderson'),
(36, 'Brian', 342, 'Marshall'),
(10, 'Sherri', 343, 'Patton'),
(4, 'Alexis', 344, 'Marshall'),
(4, 'Leslie', 345, 'Moore'),
(4, 'Christopher', 346, 'Gonzalez'),
(34, 'Ernest', 347, 'Turner'),
(33, 'Ashley', 348, 'Landry'),
(39, 'Richard', 349, 'Cruz'),
(16, 'John', 350, 'Watts'),
(37, 'Daniel', 351, 'Ramos'),
(3, 'Peter', 352, 'Huynh'),
(38, 'Melissa', 353, 'Terry'),
(17, 'Karen', 354, 'Higgins'),
(21, 'Kathleen', 355, 'Frost'),
(9, 'Bruce', 356, 'Riggs'),
(30, 'John', 357, 'Fischer'),
(5, 'Frances', 358, 'Meyer'),
(37, 'Dawn', 359, 'Contreras'),
(14, 'Brian', 360, 'Frost'),
(23, 'Richard', 361, 'Gomez'),
(19, 'Ernest', 362, 'Wilson'),
(35, 'Casey', 363, 'Santiago'),
(34, 'Frances', 364, 'Johnston'),
(36, 'Michael', 365, 'Mercado'),
(9, 'James', 366, 'Cooper'),
(7, 'Annette', 367, 'Sullivan'),
(18, 'Samantha', 368, 'Hopkins'),
(22, 'Karen', 369, 'Watts'),
(17, 'Brian', 370, 'Mccall'),
(4, 'Victor', 371, 'Drake'),
(18, 'Jeffrey', 372, 'Walls'),
(9, 'Jessica', 373, 'Frost'),
(29, 'Nancy', 374, 'Robinson'),
(36, 'Frances', 375, 'Clark'),
(10, 'Isaiah', 376, 'Jones'),
(24, 'Christopher', 377, 'Sullivan'),
(28, 'Brandy', 378, 'Sanchez'),
(24, 'Hailey', 379, 'Keller'),
(16, 'Jill', 380, 'Moore'),
(36, 'Caleb', 381, 'Davis'),
(10, 'Teresa', 382, 'Whitney'),
(12, 'Andrew', 383, 'Wagner'),
(22, 'Andrew', 384, 'Higgins'),
(16, 'Nathaniel', 385, 'Anderson'),
(7, 'Jennifer', 386, 'Jones'),
(31, 'Eric', 387, 'Wood'),
(30, 'Stacey', 388, 'Moss'),
(15, 'Aaron', 389, 'Wagner'),
(13, 'Shannon', 390, 'Ruiz'),
(5, 'Debbie', 391, 'Thompson'),
(33, 'Shannon', 392, 'Ross'),
(35, 'Lisa', 393, 'Anderson'),
(17, 'Taylor', 394, 'Ramos'),
(17, 'Sara', 395, 'Campbell'),
(28, 'Donna', 396, 'Martinez'),
(21, 'Carlos', 397, 'Campbell'),
(8, 'Raymond', 398, 'Morris'),
(17, 'Jeffrey', 399, 'Brock'),
(1, 'Jessica', 400, 'Gray');

-- Insert into Referee

INSERT INTO Referee (RefFirstName, RefLastName, RefereeID, ExperienceYears) VALUES
('Michelle', 'Cole', 301, 13),
('Karen', 'Larsen', 302, 28),
('Joshua', 'Strickland', 303, 22),
('Todd', 'Allen', 304, 21),
('Scott', 'Reeves', 305, 8),
('Jimmy', 'Rogers', 306, 20),
('Patricia', 'Miller', 307, 20),
('Edward', 'Reyes', 308, 27),
('Eric', 'Lewis', 309, 26),
('Robert', 'Rivera', 310, 19),
('Steven', 'Brown', 311, 9),
('Marissa', 'Price', 312, 27),
('Kayla', 'Shah', 313, 25),
('Andrew', 'Gilmore', 314, 12),
('Barbara', 'Woods', 315, 20),
('Sherri', 'Evans', 316, 1),
('Peter', 'Snow', 317, 19),
('Mary', 'Medina', 318, 28),
('Jessica', 'Marsh', 319, 21),
('Rachael', 'Freeman', 320, 29),
('Joshua', 'Tucker', 321, 14),
('Paul', 'Caldwell', 322, 31),
('Lauren', 'Ramsey', 323, 11),
('Mary', 'Calhoun', 324, 6),
('Tina', 'Ferguson', 325, 33),
('Rebecca', 'Vargas', 326, 22),
('Elizabeth', 'Miller', 327, 16),
('Roy', 'Camacho', 328, 20),
('Hunter', 'Green', 329, 13),
('Mark', 'Gibson', 330, 2),
('Matthew', 'Hobbs', 331, 16),
('Joshua', 'Bean', 332, 5),
('Robert', 'Conley', 333, 27),
('Thomas', 'Curry', 334, 13),
('Brett', 'Crane', 335, 25),
('Jeffrey', 'Jones', 336, 26),
('Susan', 'Williams', 337, 10),
('Anthony', 'Wright', 338, 1),
('Mary', 'Howell', 339, 7),
('John', 'Wells', 340, 28),
('Danny', 'Gould', 341, 12),
('Steven', 'Scott', 342, 34),
('Miguel', 'Obrien', 343, 4),
('Tamara', 'Higgins', 344, 16),
('Kimberly', 'Martin', 345, 8),
('Larry', 'Lane', 346, 9),
('Sarah', 'Johnston', 347, 30),
('Rebecca', 'Brooks', 348, 34),
('Shelly', 'Gonzalez', 349, 21),
('Brittany', 'Rivas', 350, 29),
('John', 'Terry', 351, 33),
('Kevin', 'Sutton', 352, 29),
('Linda', 'Hogan', 353, 11),
('Ashlee', 'Williams', 354, 31),
('Amanda', 'Stanley', 355, 17),
('Casey', 'Holland', 356, 16),
('Alexander', 'Fisher', 357, 18),
('Tracy', 'Hamilton', 358, 34),
('Michael', 'Snow', 359, 16),
('Steve', 'Hernandez', 360, 29),
('Gregory', 'Boyd', 361, 19),
('Debra', 'Gilbert', 362, 18),
('Samantha', 'Hampton', 363, 21),
('Steven', 'Petersen', 364, 6),
('Brittany', 'Morris', 365, 10),
('John', 'Michael', 366, 25),
('Joshua', 'Hayes', 367, 10),
('Karen', 'Hudson', 368, 14),
('Elizabeth', 'Rogers', 369, 27),
('Troy', 'Nguyen', 370, 22),
('Tony', 'Kelly', 371, 30),
('Jonathan', 'Ramirez', 372, 4),
('Caitlyn', 'Beard', 373, 27),
('Angela', 'Black', 374, 2),
('James', 'Allen', 375, 25),
('Richard', 'Peters', 376, 1),
('John', 'Alvarez', 377, 23),
('Jennifer', 'West', 378, 25),
('Andre', 'Phillips', 379, 27),
('Richard', 'Sanchez', 380, 35),
('Elizabeth', 'Wood', 381, 15),
('Angela', 'Cooper', 382, 15),
('Wendy', 'Pierce', 383, 28),
('Michael', 'Chavez', 384, 2),
('Kristopher', 'Hall', 385, 26),
('Jennifer', 'Stewart', 386, 11),
('Julia', 'Tapia', 387, 9),
('Hannah', 'Lee', 388, 35),
('Joanna', 'Hill', 389, 26),
('Brittany', 'Wolf', 390, 2),
('Candice', 'Hooper', 391, 28),
('Marissa', 'Phillips', 392, 30),
('Michael', 'Turner', 393, 4),
('Jean', 'Martinez', 394, 25),
('Brandon', 'Brown', 395, 14),
('Kelly', 'Raymond', 396, 21),
('Dana', 'Mullins', 397, 25),
('Curtis', 'Smith', 398, 27),
('Justin', 'Mendoza', 399, 6),
('Matthew', 'Sheppard', 400, 2);

-- Insert into Game

INSERT INTO Game (GameDate, GameID, GameLocation, TournamentID) VALUES
('2023-10-12', 301, 'Wilsonland', 301),
('2024-02-04', 302, 'Joneston', 302),
('2023-07-25', 303, 'Port Anna', 303),
('2023-11-20', 304, 'East Davidchester', 304),
('2024-07-12', 305, 'Port Alexandra', 305),
('2024-03-13', 306, 'Evansshire', 306),
('2024-02-26', 307, 'Ashleyton', 307),
('2024-07-15', 308, 'Port Jaredborough', 308),
('2023-10-21', 309, 'East Johnside', 309),
('2023-05-27', 310, 'North Ricky', 310),
('2024-09-15', 311, 'Carterbury', 311),
('2023-11-08', 312, 'Jacquelinemouth', 312),
('2023-05-24', 313, 'West Kristin', 313),
('2024-07-27', 314, 'South Danny', 314),
('2023-09-20', 315, 'West Margaret', 315),
('2023-05-24', 316, 'East Laurashire', 316),
('2025-03-14', 317, 'Scottmouth', 317),
('2024-09-14', 318, 'Hollyview', 318),
('2024-04-21', 319, 'Kimton', 319),
('2025-02-17', 320, 'Navarroview', 320),
('2023-04-19', 321, 'East Suzanneshire', 321),
('2024-06-28', 322, 'Port Emilyview', 322),
('2024-06-19', 323, 'Port Katelynfort', 323),
('2024-05-06', 324, 'Moonburgh', 324),
('2024-06-26', 325, 'Waltersfort', 325),
('2023-06-08', 326, 'Baileymouth', 326),
('2023-12-04', 327, 'Port Eugenechester', 327),
('2024-09-18', 328, 'Robertsfurt', 328),
('2024-12-20', 329, 'South Christopherview', 329),
('2023-12-06', 330, 'Port Richardhaven', 330),
('2024-12-29', 331, 'Lake Mollymouth', 331),
('2024-02-13', 332, 'East Aprilfort', 332),
('2024-07-27', 333, 'Wolfborough', 333),
('2023-10-23', 334, 'West Samuel', 334),
('2024-09-22', 335, 'Martinezbury', 335),
('2024-10-01', 336, 'West Andrea', 336),
('2024-05-31', 337, 'Davisville', 337),
('2024-03-22', 338, 'Lake Marilynfort', 338),
('2025-03-23', 339, 'Williamview', 339),
('2024-02-15', 340, 'Bairdbury', 340),
('2024-03-18', 341, 'South James', 341),
('2024-07-07', 342, 'Port Chad', 342),
('2024-11-19', 343, 'Morganhaven', 343),
('2023-10-23', 344, 'West Jessicashire', 344),
('2024-06-22', 345, 'Grimesmouth', 345),
('2024-05-21', 346, 'Reedside', 346),
('2024-11-11', 347, 'Gibsonmouth', 347),
('2025-02-02', 348, 'Lake John', 348),
('2024-01-21', 349, 'Port Kimberly', 349),
('2023-05-02', 350, 'Juliefurt', 350),
('2024-01-23', 351, 'South Tammie', 351),
('2023-07-06', 352, 'Mollymouth', 352),
('2023-06-15', 353, 'Smithberg', 353),
('2024-02-11', 354, 'North Terrance', 354),
('2023-10-21', 355, 'Cindyfurt', 355),
('2024-08-15', 356, 'Port Markside', 356),
('2024-01-19', 357, 'Courtneyfort', 357),
('2025-02-04', 358, 'New Caseyport', 358),
('2023-09-22', 359, 'South Tiffanyville', 359),
('2024-03-08', 360, 'Lake Kevin', 360),
('2023-04-21', 361, 'West Lauraport', 361),
('2024-01-02', 362, 'Ryanbury', 362),
('2024-05-15', 363, 'Knightburgh', 363),
('2023-08-09', 364, 'North Chelsea', 364),
('2024-01-21', 365, 'South Roberta', 365),
('2023-07-19', 366, 'South Dana', 366),
('2024-03-20', 367, 'Elizabethmouth', 367),
('2025-02-26', 368, 'Ericaburgh', 368),
('2023-05-26', 369, 'Landryshire', 369),
('2023-11-17', 370, 'Vaughnmouth', 370),
('2025-01-14', 371, 'Jamesfurt', 371),
('2025-01-20', 372, 'Rodriguezfurt', 372),
('2024-06-16', 373, 'Baileyport', 373),
('2023-04-16', 374, 'Hillshire', 374),
('2025-01-29', 375, 'New Julieport', 375),
('2024-11-21', 376, 'New Laurie', 376),
('2023-09-16', 377, 'New John', 377),
('2024-11-05', 378, 'Lake Colton', 378),
('2024-07-29', 379, 'West Kristinaton', 379),
('2024-06-22', 380, 'Jessicaland', 380),
('2025-03-05', 381, 'Markchester', 381),
('2023-08-13', 382, 'East Kristin', 382),
('2025-02-07', 383, 'Alyssaview', 383),
('2025-01-03', 384, 'West Robin', 384),
('2024-04-07', 385, 'Juliemouth', 385),
('2024-12-13', 386, 'South Sydneyberg', 386),
('2024-11-04', 387, 'Port Erica', 387),
('2024-09-03', 388, 'Coffeyside', 388),
('2024-01-08', 389, 'Port Ralphview', 389),
('2024-05-19', 390, 'South Miguelview', 390),
('2024-06-26', 391, 'Carsonstad', 391),
('2023-06-22', 392, 'South Angel', 392),
('2025-02-13', 393, 'Rosebury', 393),
('2024-08-14', 394, 'Lake Madisonport', 394),
('2024-08-15', 395, 'Wilsonton', 395),
('2023-04-27', 396, 'Wendyville', 396),
('2023-06-13', 397, 'New Derek', 397),
('2024-03-16', 398, 'Ellenside', 398),
('2024-02-18', 399, 'South Diana', 399),
('2025-01-05', 400, 'Gilbertview', 400);

-- Insert into NationalTeam

INSERT INTO NationalTeam (FIBA_Ranking, TeamCountry, UniformColor, TeamName, TeamID, CoachID) VALUES
(77, 'Korea', 'SeaGreen', 'Kim Inc', 301, 351),
(25, 'Pitcairn Islands', 'Tomato', 'Cook and Sons', 302, 352),
(23, 'Guatemala', 'DarkSalmon', 'Hicks, Bullock and Bailey', 303, 353),
(69, 'Turkey', 'Gainsboro', 'Mcdaniel Group', 304, 354),
(7, 'Seychelles', 'DarkSeaGreen', 'Barnes PLC', 305, 355),
(17, 'Jersey', 'SteelBlue', 'Paul-Kline', 306, 356),
(14, 'United States Minor Outlying Islands', 'Chartreuse', 'Winters, Newman and Brown', 307, 357),
(61, 'Switzerland', 'DarkRed', 'Strickland-Shaw', 308, 358),
(24, 'Malaysia', 'DeepSkyBlue', 'Guerrero Inc', 309, 359),
(62, 'Gabon', 'FireBrick', 'Gutierrez Group', 310, 360),
(63, 'Central African Republic', 'MediumBlue', 'Hayes and Sons', 311, 361),
(88, 'Vietnam', 'Ivory', 'Guerrero Inc', 312, 362),
(73, 'Guatemala', 'Tomato', 'Hicks, Bullock and Bailey', 313, 363),
(16, 'Ukraine', 'LightSkyBlue', 'Brown-Copeland', 314, 364),
(78, 'Tanzania', 'Cyan', 'Fuller, Ingram and Moss', 315, 365),
(100, 'El Salvador', 'Gray', 'Combs Ltd', 316, 366),
(57, 'Norfolk Island', 'LightSalmon', 'Dixon Inc', 317, 367),
(40, 'Brunei Darussalam', 'LimeGreen', 'Mendez and Sons', 318, 368),
(79, 'New Zealand', 'White', 'Contreras-Mckinney', 319, 369),
(98, 'Bermuda', 'SteelBlue', 'Ware and Sons', 320, 370),
(34, 'Norway', 'FloralWhite', 'Parker-Morrison', 321, 371),
(31, 'Namibia', 'DeepSkyBlue', 'Austin, Day and Johnson', 322, 372),
(21, 'Chile', 'MediumSlateBlue', 'Vaughn and Sons', 323, 373),
(77, 'Tajikistan', 'BlueViolet', 'Mckee-Lee', 324, 374),
(30, 'Sweden', 'Black', 'Graham Group', 325, 375),
(90, 'Belgium', 'Brown', 'Lamb, Martin and Kim', 326, 376),
(30, 'Yemen', 'LightGray', 'Atkins PLC', 327, 377),
(85, 'Pakistan', 'HoneyDew', 'Bennett Group', 328, 378),
(70, 'Seychelles', 'PapayaWhip', 'Reed Inc', 329, 379),
(35, 'Nicaragua', 'Black', 'Hoffman, Santiago and Jenkins', 330, 380),
(40, 'Luxembourg', 'YellowGreen', 'Fuller, Ingram and Moss', 331, 381),
(73, 'French Guiana', 'LimeGreen', 'Graham Group', 332, 382),
(60, 'Liberia', 'LemonChiffon', 'Gregory, Kim and Martinez', 333, 383),
(52, 'Sri Lanka', 'PaleGreen', 'Roberts-Sullivan', 334, 384),
(64, 'French Southern Territories', 'SaddleBrown', 'Wise, Conley and Stephenson', 335, 385),
(6, 'Barbados', 'Chocolate', 'Lee-Cooke', 336, 386),
(78, 'Cayman Islands', 'Purple', 'Hall, Hansen and Barnett', 337, 387),
(30, 'Israel', 'SkyBlue', 'Mendez-Graham', 338, 388),
(3, 'Kyrgyz Republic', 'GreenYellow', 'Mcdonald-Bird', 339, 389),
(35, 'Guam', 'DarkTurquoise', 'Jones-Fox', 340, 390),
(97, 'Germany', 'MediumAquaMarine', 'Austin, Day and Johnson', 341, 391),
(84, 'Saint Martin', 'MediumTurquoise', 'Stanley PLC', 342, 392),
(75, 'Iran', 'DarkSeaGreen', 'Jones Inc', 343, 393),
(63, 'Senegal', 'NavajoWhite', 'Lam LLC', 344, 394),
(53, 'Malawi', 'DarkMagenta', 'Hernandez-Jones', 345, 395),
(14, 'Ghana', 'LawnGreen', 'Boone LLC', 346, 396),
(89, 'United States Minor Outlying Islands', 'DarkRed', 'Rosales, Mitchell and Hines', 347, 397),
(52, 'Ethiopia', 'RoyalBlue', 'Johnson-Spencer', 348, 398),
(59, 'Egypt', 'DarkTurquoise', 'Henry Group', 349, 399),
(42, 'Bhutan', 'BurlyWood', 'Gutierrez Group', 350, 400),
(66, 'French Guiana', 'OliveDrab', 'Vaughn and Sons', 351, 301),
(70, 'Tonga', 'PeachPuff', 'Bishop-Goodwin', 352, 302),
(25, 'Egypt', 'DimGray', 'Walker-Flores', 353, 303),
(97, 'Suriname', 'MediumOrchid', 'Cole-Palmer', 354, 304),
(98, 'Vietnam', 'Maroon', 'Guerrero Inc', 355, 305),
(71, 'Comoros', 'DimGray', 'Davis Inc', 356, 306),
(90, 'Luxembourg', 'Thistle', 'Taylor, Wright and Davidson', 357, 307),
(81, 'Lao People''s Democratic Republic', 'SpringGreen', 'Marshall, Dominguez and Welch', 358, 308),
(21, 'Turkmenistan', 'Linen', 'Thomas and Sons', 359, 309),
(71, 'Luxembourg', 'Beige', 'Hale, Myers and Larson', 360, 310),
(15, 'Bermuda', 'OrangeRed', 'Bishop-Goodwin', 361, 311),
(20, 'Macedonia', 'Salmon', 'Cole-Palmer', 362, 312),
(66, 'Dominican Republic', 'IndianRed', 'Hines-Berry', 363, 313),
(62, 'Mozambique', 'MidnightBlue', 'Mckee-Lee', 364, 314),
(71, 'Australia', 'BurlyWood', 'Pugh, Henderson and Moon', 365, 315),
(77, 'Finland', 'Snow', 'Brown-Shaw', 366, 316),
(18, 'Nauru', 'SeaShell', 'Strickland-Palmer', 367, 317),
(54, 'France', 'WhiteSmoke', 'Brown, Romero and Collins', 368, 318),
(1, 'Algeria', 'DarkMagenta', 'Kim Inc', 369, 319),
(76, 'Jersey', 'DarkSlateBlue', 'Hartman, Romero and Smith', 370, 320),
(20, 'Turkmenistan', 'LightGray', 'Harper and Sons', 371, 321),
(45, 'Saint Lucia', 'Moccasin', 'Hernandez-Jones', 372, 322),
(49, 'Serbia', 'PaleGreen', 'Lamb, Martin and Kim', 373, 323),
(90, 'Haiti', 'Brown', 'Duran LLC', 374, 324),
(30, 'Iran', 'CadetBlue', 'Mendoza, Jenkins and Ortiz', 375, 325),
(41, 'Mongolia', 'GoldenRod', 'Daniels, Vance and York', 376, 326),
(49, 'Guyana', 'LightSlateGray', 'Ortiz-Morgan', 377, 327),
(84, 'Barbados', 'OliveDrab', 'Schmitt PLC', 378, 328),
(5, 'Macedonia', 'RoyalBlue', 'Mcdaniel Group', 379, 329),
(76, 'Serbia', 'LightSeaGreen', 'Downs, Morris and Maddox', 380, 330),
(57, 'Sweden', 'DarkOrchid', 'Kelley, Nguyen and Vang', 381, 331),
(59, 'Brunei Darussalam', 'DarkGray', 'Winters, Newman and Brown', 382, 332),
(53, 'India', 'Navy', 'Morrison-Short', 383, 333),
(34, 'South Africa', 'MediumSlateBlue', 'Welch-Hogan', 384, 334),
(51, 'Micronesia', 'Moccasin', 'Acosta Inc', 385, 335),
(43, 'Saudi Arabia', 'DarkTurquoise', 'Mendez-Graham', 386, 336),
(41, 'Congo', 'Teal', 'Kennedy, Johnson and Lucas', 387, 337),
(98, 'Iran', 'SteelBlue', 'Taylor, Wright and Davidson', 388, 338),
(80, 'Armenia', 'Brown', 'Strickland-Palmer', 389, 339),
(88, 'Argentina', 'DarkSlateGray', 'Graham Group', 390, 340),
(12, 'Rwanda', 'MediumSeaGreen', 'Jones Inc', 391, 341),
(82, 'Spain', 'Sienna', 'Hines-Berry', 392, 342),
(22, 'Malaysia', 'SaddleBrown', 'Osborne LLC', 393, 343),
(4, 'Canada', 'Thistle', 'Smith, Garrison and Thomas', 394, 344),
(8, 'Burundi', 'MediumOrchid', 'Cook and Sons', 395, 345),
(56, 'Venezuela', 'MediumAquaMarine', 'Pugh, Henderson and Moon', 396, 346),
(53, 'Central African Republic', 'OrangeRed', 'Andrews, Higgins and Carter', 397, 347),
(22, 'New Zealand', 'Lime', 'Austin, Day and Johnson', 398, 348),
(49, 'Namibia', 'MediumSlateBlue', 'Blackwell LLC', 399, 349),
(64, 'Macedonia', 'Teal', 'Williams-Hughes', 400, 350);

-- Insert into Player

INSERT INTO Player (PlayerID, PlayerFirstName, PlayerLastName, PlayerBirthDate, PlayerHeight, PlayerPosition, PlayerJerseyNum, TeamID) VALUES
(1,  'Amanda',  'Erickson',  '1999-06-11',  184,  'Forward',  81, 337),
(2,  'Thomas',  'Smith',  '2000-07-06',  186,  'Forward',  32, 86),
(3,  'Emily',  'Whitney',  '1999-09-17',  212,  'Guard',  59, 171),
(4,  'Laura',  'Swanson',  '1990-02-24',  188,  'Center',  69, 214),
(5,  'Candice',  'Baker',  '1996-12-25',  180,  'Guard',  56, 331),
(6,  'Jennifer',  'Silva',  '1995-01-17',  192,  'Center',  38, 195),
(7,  'Alexandria',  'Griffith',  '2002-03-06',  210,  'Forward',  88, 269),
(8,  'Dylan',  'Becker',  '1990-04-26',  186,  'Forward',  38, 198),
(9,  'Ashley',  'Graves',  '1995-09-25',  182,  'Forward',  61, 225),
(10,  'Andrew',  'Edwards',  '1994-05-24',  176,  'Guard',  48, 45),
(11,  'Robert',  'Harris',  '2006-04-26',  206,  'Forward',  73, 198),
(12,  'Kimberly',  'Knapp',  '1991-05-13',  188,  'Center',  37, 210),
(13,  'Janice',  'Stone',  '2000-04-20',  171,  'Center',  50, 226),
(14,  'Whitney',  'Mendoza',  '2002-01-24',  187,  'Guard',  72, 106),
(15,  'Lee',  'Thompson',  '2000-11-21',  213,  'Center',  6, 157),
(16,  'Amy',  'Lowe',  '1998-03-28',  208,  'Center',  63, 388),
(17,  'Chelsea',  'Lee',  '1997-08-18',  188,  'Guard',  77, 288),
(18,  'Joshua',  'Evans',  '1999-05-15',  192,  'Guard',  81, 14),
(19,  'Kellie',  'Bush',  '2005-11-18',  182,  'Center',  32, 201),
(20,  'Logan',  'Bailey',  '1998-07-19',  213,  'Center',  98, 231),
(21,  'Keith',  'Berry',  '2002-02-28',  212,  'Center',  17, 76),
(22,  'Paula',  'Foster',  '2000-12-26',  210,  'Guard',  80, 342),
(23,  'Stephanie',  'Ballard',  '1999-02-15',  211,  'Guard',  39, 197),
(24,  'Bobby',  'Moses',  '1991-12-07',  220,  'Forward',  4, 231),
(25,  'Michael',  'Ramos',  '1997-12-19',  207,  'Forward',  93,  370),
(26,  'Julie',  'Lewis',  '1998-06-20',  178,  'Guard',  37,  370),
(27,  'Sarah',  'Horton',  '1993-11-29',  190,  'Center',  53,  370),
(28,  'Daniel',  'Yang',  '1997-05-20',  181,  'Guard',  16,  370),
(29,  'John',  'Santiago',  '1996-12-02',  220,  'Center',  46,  370),
(30,  'Dana',  'Williams',  '2003-04-22',  203,  'Center',  34,  370),
(31,  'Mark',  'Kennedy',  '1993-12-02',  180,  'Forward',  61,  370),
(32,  'Adam',  'Pierce',  '1994-08-13',  188,  'Center',  43,  370),
(33,  'Richard',  'Donovan',  '2005-06-05',  177,  'Forward',  9,  370),
(34,  'Thomas',  'Gonzalez',  '1999-01-06',  179,  'Guard',  86,  370),
(35,  'Manuel',  'Brewer',  '1992-04-14',  216,  'Center',  50,  370),
(36,  'Denise',  'Hall',  '1990-07-06',  205,  'Forward',  11,  370),
(37,  'Robin',  'Thompson',  '1995-03-23',  220,  'Forward',  1, 107),
(38,  'Sarah',  'Johnson',  '2002-10-01',  186,  'Center',  15, 43),
(39,  'Kristin',  'Lopez',  '1999-02-03',  199,  'Forward',  86, 98),
(40,  'Nancy',  'Smith',  '1992-11-22',  217,  'Center',  33, 47),
(41,  'Sarah',  'Rogers',  '2004-09-13',  207,  'Forward',  81, 378),
(42,  'Veronica',  'Daniels',  '2006-01-18',  193,  'Guard',  86, 162),
(43,  'Pamela',  'Anderson',  '2006-05-26',  184,  'Forward',  3, 209),
(44,  'Taylor',  'Lee',  '1993-01-27',  209,  'Center',  41, 125),
(45,  'Mark',  'Simon',  '1997-12-30',  209,  'Guard',  82, 2),
(46,  'Jennifer',  'Smith',  '2000-09-17',  174,  'Center',  59, 389),
(47,  'Krystal',  'Bradley',  '1995-10-25',  214,  'Forward',  83, 368),
(48,  'Gregory',  'Chase',  '2003-01-15',  196,  'Guard',  17, 316),
(49,  'Margaret',  'Robertson',  '1992-03-11',  172,  'Guard',  38,  47),
(50,  'Richard',  'Davis',  '1994-01-10',  201,  'Guard',  12,  47),
(51,  'Thomas',  'Boyle',  '1989-06-22',  185,  'Center',  17,  47),
(52,  'Jose',  'Young',  '1998-04-30',  194,  'Forward',  47,  47),
(53,  'Stephanie',  'Turner',  '1989-08-19',  212,  'Center',  89,  47),
(54,  'Jose',  'Ward',  '1997-04-13',  204,  'Forward',  75,  47),
(55,  'Bryan',  'Wilson',  '1999-09-06',  217,  'Center',  19,  47),
(56,  'Erik',  'Parks',  '1999-10-28',  196,  'Center',  12,  47),
(57,  'Hannah',  'Fowler',  '1999-04-13',  201,  'Center',  52,  47),
(58,  'Michael',  'Walker',  '1993-10-14',  187,  'Guard',  88,  47),
(59,  'Timothy',  'Gibson',  '2001-12-15',  193,  'Guard',  56,  47),
(60,  'Robert',  'Dunn',  '2005-04-06',  198,  'Guard',  46,  47),
(61,  'Katherine',  'Pham',  '1996-09-03',  176,  'Center',  47, 14),
(62,  'Kathleen',  'Becker',  '1992-01-11',  204,  'Center',  45, 331),
(63,  'Alicia',  'Rice',  '2001-07-21',  173,  'Forward',  35, 358),
(64,  'Christian',  'Elliott',  '1991-05-06',  182,  'Guard',  58, 291),
(65,  'Maria',  'Leach',  '1996-02-14',  175,  'Center',  27, 367),
(66,  'Ashley',  'Hernandez',  '2000-05-28',  211,  'Center',  76, 131),
(67,  'Melissa',  'Ramos',  '1996-03-25',  171,  'Guard',  42, 58),
(68,  'Jennifer',  'Burns',  '2006-08-10',  185,  'Guard',  72, 263),
(69,  'Sean',  'Brown',  '1993-09-24',  183,  'Guard',  97, 154),
(70,  'William',  'Bryant',  '1991-03-17',  205,  'Guard',  75, 17),
(71,  'Angelica',  'Chambers',  '1999-09-23',  183,  'Guard',  42, 378),
(72,  'Jennifer',  'Foster',  '1989-05-06',  219,  'Guard',  76, 141),
(73,  'Julie',  'Lane',  '1990-10-13',  170,  'Forward',  18, 23),
(74,  'Rodney',  'Graves',  '1991-04-17',  178,  'Center',  32, 69),
(75,  'Sarah',  'Jones',  '2005-04-21',  181,  'Guard',  84, 244),
(76,  'Anthony',  'Ortiz',  '1993-11-07',  171,  'Guard',  1, 109),
(77,  'Katie',  'Good',  '2003-07-19',  192,  'Guard',  75, 27),
(78,  'Nicholas',  'Vance',  '2004-07-03',  190,  'Guard',  22, 335),
(79,  'Molly',  'Knox',  '2002-01-09',  186,  'Guard',  16, 393),
(80,  'Christopher',  'Brandt',  '1993-10-07',  217,  'Forward',  67, 372),
(81,  'Desiree',  'Bailey',  '1995-04-25',  177,  'Center',  8, 140),
(82,  'Victoria',  'Long',  '1993-07-29',  200,  'Forward',  99, 68),
(83,  'Jessica',  'Walker',  '1989-05-12',  193,  'Center',  75, 242),
(84,  'Katelyn',  'Good',  '2004-12-30',  176,  'Forward',  64, 356),
(85,  'Emily',  'Stephens',  '2002-02-23',  184,  'Center',  5,  292),
(86,  'Madeline',  'Wright',  '2001-01-07',  216,  'Center',  66,  292),
(87,  'Eric',  'Lopez',  '1993-01-30',  189,  'Forward',  82,  292),
(88,  'Antonio',  'Keller',  '1989-10-10',  171,  'Guard',  61,  292),
(89,  'John',  'Jones',  '1990-05-21',  195,  'Forward',  87,  292),
(90,  'Sean',  'Powers',  '1990-11-24',  176,  'Forward',  91,  292),
(91,  'John',  'Williams',  '2004-03-06',  198,  'Guard',  10,  292),
(92,  'Jimmy',  'Robinson',  '1991-03-01',  190,  'Center',  18,  292),
(93,  'Donald',  'Holder',  '1997-03-18',  174,  'Guard',  35,  292),
(94,  'Lisa',  'Dennis',  '2000-02-04',  209,  'Center',  74,  292),
(95,  'Barbara',  'Barton',  '2000-02-26',  205,  'Center',  41,  292),
(96,  'Joel',  'Walter',  '2006-12-23',  194,  'Center',  67,  292),
(97,  'Jeffrey',  'Turner',  '1991-04-26',  188,  'Forward',  64,  349),
(98,  'Angela',  'Vargas',  '1995-03-15',  208,  'Forward',  12,  349),
(99,  'Connie',  'Simmons',  '2006-02-08',  220,  'Center',  14,  349),
(100,  'Brandon',  'Cooper',  '2002-03-18',  211,  'Center',  98,  349),
(101,  'Kristi',  'Flores',  '2003-05-29',  205,  'Center',  27,  349),
(102,  'Ricky',  'Evans',  '1995-07-02',  197,  'Forward',  29,  349),
(103,  'Karen',  'Wells',  '1996-11-28',  196,  'Forward',  58,  349),
(104,  'Kevin',  'Zimmerman',  '2004-12-30',  195,  'Forward',  93,  349),
(105,  'Robin',  'Hart',  '2003-06-01',  176,  'Forward',  54,  349),
(106,  'Angela',  'Anderson',  '1997-07-04',  190,  'Center',  32,  349),
(107,  'Jonathan',  'Rivera',  '1991-12-07',  193,  'Guard',  87,  349),
(108,  'Sandra',  'Boone',  '1992-05-22',  200,  'Guard',  11,  349),
(109,  'Amanda',  'Calderon',  '1990-12-30',  175,  'Guard',  55, 60),
(110,  'Joseph',  'Nunez',  '1990-08-03',  176,  'Center',  94, 255),
(111,  'Morgan',  'Lopez',  '1996-08-16',  193,  'Guard',  71, 305),
(112,  'Timothy',  'Booth',  '2000-07-27',  173,  'Center',  71, 153),
(113,  'Kevin',  'Stout',  '1996-06-13',  205,  'Forward',  85, 289),
(114,  'Sharon',  'Hayden',  '1993-03-26',  177,  'Forward',  45, 338),
(115,  'Julie',  'Webster',  '1997-06-30',  212,  'Forward',  92, 230),
(116,  'Heather',  'Padilla',  '2002-09-27',  173,  'Forward',  76, 159),
(117,  'Rose',  'Arnold',  '1998-11-15',  189,  'Forward',  13, 208),
(118,  'Oscar',  'Ferguson',  '2001-06-19',  206,  'Center',  27, 297),
(119,  'Kyle',  'Ward',  '2006-02-28',  179,  'Center',  61, 136),
(120,  'Steven',  'Lang',  '2005-03-20',  184,  'Guard',  44, 47),
(121,  'Kathleen',  'Flores',  '1996-02-26',  205,  'Forward',  14, 352),
(122,  'Nathan',  'Gutierrez',  '1996-10-08',  218,  'Forward',  73, 258),
(123,  'Joyce',  'Smith',  '2003-06-14',  184,  'Forward',  71, 64),
(124,  'Kenneth',  'Gonzalez',  '1997-01-25',  219,  'Center',  78, 157),
(125,  'Noah',  'Whitaker',  '2006-03-26',  213,  'Center',  71, 263),
(126,  'Andrea',  'Harding',  '2000-09-23',  171,  'Center',  84, 28),
(127,  'Jonathan',  'Underwood',  '2005-12-07',  214,  'Forward',  3, 367),
(128,  'Steven',  'Oconnor',  '2001-03-23',  181,  'Forward',  89, 375),
(129,  'Gary',  'Cortez',  '2005-11-09',  218,  'Forward',  43, 210),
(130,  'Jack',  'Preston',  '1991-03-29',  192,  'Guard',  23, 376),
(131,  'Alexandria',  'Combs',  '1991-10-09',  179,  'Center',  84, 248),
(132,  'Sierra',  'Barnett',  '1989-06-17',  195,  'Guard',  18, 323),
(133,  'Robert',  'Kirby',  '1997-02-12',  217,  'Center',  3, 104),
(134,  'Carlos',  'Hernandez',  '1996-09-07',  175,  'Center',  67, 151),
(135,  'William',  'Brooks',  '2005-09-07',  183,  'Forward',  53, 64),
(136,  'Donna',  'Smith',  '2003-03-28',  199,  'Forward',  20, 267),
(137,  'Alexander',  'Moreno',  '1998-08-04',  193,  'Forward',  92, 242),
(138,  'Amanda',  'Mitchell',  '2006-05-01',  190,  'Center',  76, 143),
(139,  'Lisa',  'Craig',  '1995-05-05',  175,  'Guard',  19, 173),
(140,  'Daniel',  'Davis',  '1994-04-23',  180,  'Center',  6, 215),
(141,  'John',  'Harvey',  '1997-10-30',  213,  'Guard',  34, 378),
(142,  'Lisa',  'Adams',  '2002-09-30',  198,  'Center',  54, 218),
(143,  'Christian',  'Chung',  '2004-11-10',  201,  'Center',  56, 6),
(144,  'Annette',  'Branch',  '1996-12-04',  196,  'Forward',  27, 388),
(145,  'Kevin',  'Clayton',  '1991-12-26',  218,  'Center',  14,  153),
(146,  'Desiree',  'Garrison',  '1990-04-27',  192,  'Forward',  14,  153),
(147,  'Clayton',  'Gray',  '2005-06-09',  188,  'Center',  86,  153),
(148,  'Brian',  'Smith',  '1995-01-27',  207,  'Forward',  67,  153),
(149,  'Christopher',  'Bruce',  '2000-07-06',  212,  'Forward',  5,  153),
(150,  'Ariel',  'Hodge',  '1992-06-27',  184,  'Forward',  76,  153),
(151,  'Patricia',  'Ellison',  '1997-01-22',  173,  'Guard',  26,  153),
(152,  'Jason',  'Parrish',  '2005-06-03',  189,  'Guard',  98,  153),
(153,  'Joseph',  'Glass',  '1998-10-13',  178,  'Forward',  37,  153),
(154,  'Rachel',  'Elliott',  '1990-05-12',  190,  'Guard',  0,  153),
(155,  'Harry',  'Jefferson',  '1989-10-10',  201,  'Center',  55,  153),
(156,  'Suzanne',  'Matthews',  '2002-10-17',  181,  'Guard',  48,  153),
(157,  'Sarah',  'Evans',  '1997-06-04',  204,  'Center',  29,  255),
(158,  'Ashley',  'Atkinson',  '2000-07-12',  202,  'Center',  85,  255),
(159,  'Patrick',  'Singh',  '1991-11-29',  192,  'Guard',  50,  255),
(160,  'Vincent',  'Mccann',  '1991-01-26',  217,  'Guard',  55,  255),
(161,  'Connor',  'Hall',  '1991-10-30',  171,  'Forward',  9,  255),
(162,  'Matthew',  'Mack',  '2002-09-28',  190,  'Center',  54,  255),
(163,  'Tanya',  'Nguyen',  '1998-07-17',  206,  'Forward',  90,  255),
(164,  'Kristen',  'Hayes',  '1997-01-02',  210,  'Forward',  37,  255),
(165,  'Michael',  'Pugh',  '2003-12-08',  177,  'Forward',  2,  255),
(166,  'Jacob',  'Willis',  '2002-03-05',  190,  'Guard',  79,  255),
(167,  'Christopher',  'Montgomery',  '1997-08-17',  199,  'Center',  46,  255),
(168,  'Jennifer',  'Miller',  '1994-06-28',  175,  'Forward',  13,  255),
(169,  'Norman',  'Bowers',  '1994-06-29',  185,  'Forward',  75, 266),
(170,  'Jodi',  'Stewart',  '1992-11-13',  195,  'Center',  10, 143),
(171,  'Christopher',  'Hahn',  '2004-05-16',  195,  'Forward',  95, 276),
(172,  'Michael',  'Nelson',  '1993-10-01',  191,  'Guard',  42, 226),
(173,  'Christopher',  'Jordan',  '2006-09-05',  219,  'Guard',  9, 102),
(174,  'Ricky',  'Johnson',  '2001-04-14',  202,  'Center',  14, 239),
(175,  'Angela',  'Carlson',  '2000-04-12',  203,  'Center',  24, 209),
(176,  'Michelle',  'Smith',  '2003-04-28',  219,  'Forward',  44, 222),
(177,  'Paul',  'Miller',  '1997-07-02',  216,  'Center',  18, 263),
(178,  'Ashley',  'Jackson',  '2002-03-13',  185,  'Guard',  18, 264),
(179,  'Gavin',  'Adams',  '1998-05-17',  186,  'Guard',  22, 269),
(180,  'Trevor',  'Brown',  '2004-01-12',  208,  'Guard',  97, 21),
(181,  'Joshua',  'Evans',  '1991-11-10',  218,  'Center',  9,  232),
(182,  'Michael',  'Raymond',  '2006-02-10',  181,  'Center',  63,  232),
(183,  'Brittney',  'Gonzalez',  '1992-11-18',  199,  'Center',  97,  232),
(184,  'Derek',  'Smith',  '2002-09-15',  207,  'Forward',  87,  232),
(185,  'Martin',  'Oliver',  '2000-06-15',  206,  'Center',  81,  232),
(186,  'Scott',  'Jordan',  '1993-11-15',  209,  'Forward',  80,  232),
(187,  'Kevin',  'Morrison',  '1996-01-29',  190,  'Guard',  56,  232),
(188,  'Timothy',  'Thompson',  '2002-10-17',  174,  'Forward',  56,  232),
(189,  'Tanya',  'Carter',  '2005-12-13',  210,  'Forward',  35,  232),
(190,  'Tammy',  'Casey',  '2000-04-30',  207,  'Guard',  45,  232),
(191,  'Nicholas',  'Velasquez',  '2002-08-12',  202,  'Guard',  39,  232),
(192,  'Michael',  'Frederick',  '1996-01-16',  199,  'Forward',  4,  232),
(193,  'Brittany',  'Gardner',  '1990-02-27',  173,  'Forward',  36, 246),
(194,  'Stephanie',  'Murray',  '1996-05-17',  174,  'Center',  11, 302),
(195,  'Samuel',  'Carter',  '1991-08-06',  209,  'Center',  64, 211),
(196,  'Lori',  'Flynn',  '2003-03-01',  194,  'Forward',  74, 312),
(197,  'Emily',  'Taylor',  '1999-07-19',  205,  'Center',  5, 102),
(198,  'John',  'Hopkins',  '2003-08-22',  198,  'Center',  83, 45),
(199,  'Kristina',  'Jones',  '2005-07-19',  182,  'Forward',  77, 90),
(200,  'Brandi',  'Ferguson',  '2003-06-23',  200,  'Center',  19, 4),
(201,  'Amy',  'Gibbs',  '2001-06-23',  173,  'Forward',  13, 340),
(202,  'Jacqueline',  'Burnett',  '1992-02-19',  191,  'Center',  10, 279),
(203,  'Daniel',  'Wright',  '2001-04-27',  202,  'Center',  22, 27),
(204,  'Gabriel',  'Salazar',  '2002-11-03',  172,  'Guard',  90, 270),
(205,  'Tammy',  'Rivera',  '2003-11-21',  198,  'Forward',  67, 152),
(206,  'Daniel',  'Garcia',  '1996-10-17',  203,  'Center',  20, 40),
(207,  'William',  'Stone',  '1996-10-05',  193,  'Forward',  36, 121),
(208,  'Sean',  'Myers',  '2006-04-09',  194,  'Forward',  99, 310),
(209,  'Edward',  'Cuevas',  '2005-09-01',  191,  'Center',  76, 324),
(210,  'Dan',  'Perry',  '1992-02-29',  173,  'Center',  82, 12),
(211,  'Darren',  'Shepard',  '1994-01-23',  191,  'Guard',  42, 348),
(212,  'Michael',  'Cooper',  '1996-04-12',  176,  'Center',  86, 22),
(213,  'Adriana',  'Bailey',  '1992-07-25',  194,  'Forward',  32, 392),
(214,  'Samuel',  'Horton',  '2000-02-04',  216,  'Center',  77, 165),
(215,  'Carlos',  'Williams',  '1993-02-27',  179,  'Forward',  10, 226),
(216,  'Andrew',  'Cooper',  '1992-12-18',  207,  'Center',  18, 14),
(217,  'Erica',  'Martin',  '1997-07-17',  192,  'Forward',  83,  62),
(218,  'Zachary',  'Arnold',  '2000-07-03',  214,  'Center',  50,  62),
(219,  'Anita',  'Mullen',  '1997-02-17',  178,  'Center',  90,  62),
(220,  'Lauren',  'Soto',  '1995-08-02',  175,  'Forward',  71,  62),
(221,  'Danielle',  'Reynolds',  '1990-03-27',  194,  'Center',  42,  62),
(222,  'Jo',  'Ware',  '2004-07-16',  178,  'Center',  89,  62),
(223,  'Brittany',  'Price',  '1996-07-20',  217,  'Center',  67,  62),
(224,  'Jamie',  'Goodwin',  '1991-05-16',  175,  'Center',  85,  62),
(225,  'Barbara',  'Lloyd',  '1995-08-09',  197,  'Center',  46,  62),
(226,  'Michael',  'Gonzalez',  '1993-02-13',  171,  'Forward',  39,  62),
(227,  'Jose',  'Huffman',  '2007-03-14',  181,  'Guard',  43,  62),
(228,  'Tammy',  'Edwards',  '2002-06-19',  219,  'Forward',  24,  62),
(229,  'Cheryl',  'Matthews',  '2001-01-29',  184,  'Guard',  19, 245),
(230,  'Michael',  'Ellis',  '1995-02-11',  174,  'Forward',  12, 267),
(231,  'Lisa',  'Mccarthy',  '1999-05-13',  202,  'Center',  94, 301),
(232,  'Samantha',  'Lawrence',  '1993-10-19',  203,  'Guard',  84, 168),
(233,  'Lawrence',  'Allen',  '1993-03-22',  191,  'Center',  16, 155),
(234,  'Isaac',  'Steele',  '2006-08-16',  208,  'Forward',  19, 196),
(235,  'Paul',  'Carlson',  '2002-04-19',  180,  'Guard',  88, 194),
(236,  'Rodney',  'Tucker',  '1995-02-19',  219,  'Center',  21, 142),
(237,  'Angela',  'Burns',  '1994-01-06',  216,  'Forward',  5, 1),
(238,  'Jacob',  'Wilkinson',  '1991-01-25',  196,  'Forward',  86, 228),
(239,  'Michelle',  'Crane',  '2005-09-24',  216,  'Guard',  56, 183),
(240,  'Derrick',  'Ochoa',  '2006-06-10',  209,  'Forward',  96, 286),
(241,  'Denise',  'Ortiz',  '2005-12-21',  217,  'Forward',  29,  217),
(242,  'Robert',  'Larsen',  '2005-11-14',  204,  'Guard',  39,  217),
(243,  'Gary',  'Cunningham',  '1996-09-29',  220,  'Forward',  24,  217),
(244,  'Kelly',  'Hill',  '1999-01-24',  193,  'Center',  73,  217),
(245,  'Gary',  'Ellis',  '2006-02-04',  198,  'Forward',  98,  217),
(246,  'Andrea',  'Wilson',  '1993-02-16',  188,  'Forward',  64,  217),
(247,  'Joseph',  'Daniels',  '2001-09-22',  203,  'Forward',  20,  217),
(248,  'Amber',  'Sherman',  '2004-04-05',  182,  'Center',  17,  217),
(249,  'Amy',  'Fritz',  '1992-09-22',  186,  'Guard',  82,  217),
(250,  'Jill',  'Valdez',  '1997-08-31',  200,  'Forward',  70,  217),
(251,  'Kenneth',  'Kidd',  '2004-07-18',  176,  'Center',  66,  217),
(252,  'Jose',  'Atkins',  '1992-03-14',  177,  'Forward',  10,  217),
(253,  'Scott',  'Mcknight',  '1997-04-21',  218,  'Guard',  34,  161),
(254,  'Jason',  'Rojas',  '2001-03-04',  198,  'Center',  18,  161),
(255,  'Michelle',  'Bishop',  '2003-10-24',  197,  'Guard',  28,  161),
(256,  'Gabriel',  'Taylor',  '1996-04-09',  198,  'Forward',  3,  161),
(257,  'Lisa',  'Trujillo',  '2001-03-06',  196,  'Guard',  50,  161),
(258,  'Amanda',  'Carlson',  '1994-12-21',  202,  'Forward',  30,  161),
(259,  'Mario',  'Padilla',  '1999-02-01',  194,  'Guard',  47,  161),
(260,  'Ashley',  'Farley',  '2006-09-29',  184,  'Guard',  40,  161),
(261,  'Tricia',  'Shelton',  '1992-06-25',  176,  'Center',  83,  161),
(262,  'Derek',  'Brady',  '2003-04-01',  191,  'Guard',  17,  161),
(263,  'Samantha',  'Riddle',  '1993-07-23',  172,  'Forward',  60,  161),
(264,  'Jacqueline',  'Anderson',  '1994-03-21',  214,  'Guard',  97,  161),
(265,  'Jennifer',  'Poole',  '2002-08-09',  215,  'Forward',  57,  77),
(266,  'Tracy',  'Ray',  '1998-05-21',  209,  'Guard',  10,  77),
(267,  'Courtney',  'Brooks',  '1991-10-24',  171,  'Forward',  27,  77),
(268,  'Cynthia',  'Beard',  '1992-05-29',  179,  'Center',  93,  77),
(269,  'Richard',  'Brady',  '2001-10-19',  208,  'Center',  54,  77),
(270,  'Shawn',  'Freeman',  '1989-04-29',  177,  'Forward',  30,  77),
(271,  'Misty',  'Boone',  '1992-05-30',  189,  'Guard',  6,  77),
(272,  'Jessica',  'Ellis',  '2001-06-06',  185,  'Forward',  81,  77),
(273,  'Melissa',  'Flynn',  '2002-10-10',  220,  'Center',  58,  77),
(274,  'Jeffery',  'Jordan',  '1996-06-13',  174,  'Guard',  63,  77),
(275,  'Troy',  'Morris',  '1998-11-22',  208,  'Center',  2,  77),
(276,  'Matthew',  'Lane',  '2005-10-03',  210,  'Center',  73,  77),
(277,  'Kristina',  'Shannon',  '1990-11-21',  185,  'Center',  18, 311),
(278,  'Brandon',  'Sims',  '2004-11-17',  188,  'Forward',  0, 60),
(279,  'Allen',  'Noble',  '1994-08-14',  209,  'Forward',  30, 118),
(280,  'Scott',  'Smith',  '2003-10-19',  206,  'Forward',  23, 134),
(281,  'James',  'Barker',  '1993-09-24',  212,  'Center',  10, 74),
(282,  'Nicole',  'Turner',  '1998-07-26',  203,  'Forward',  8, 167),
(283,  'Clarence',  'Ward',  '1992-01-18',  203,  'Center',  64, 311),
(284,  'Nathan',  'Mckee',  '1994-11-16',  220,  'Center',  70, 282),
(285,  'Brett',  'Garrett',  '1997-03-17',  171,  'Forward',  60, 117),
(286,  'Ruben',  'Davis',  '1992-06-24',  172,  'Center',  49, 112),
(287,  'Aaron',  'Woods',  '1993-10-04',  193,  'Forward',  95, 309),
(288,  'Brittney',  'Stone',  '2004-05-21',  171,  'Forward',  8, 178),
(289,  'Albert',  'Dominguez',  '1993-05-06',  192,  'Guard',  93,  34),
(290,  'Vanessa',  'Henderson',  '1993-09-27',  212,  'Center',  13,  34),
(291,  'Tim',  'Perez',  '1992-04-13',  219,  'Center',  94,  34),
(292,  'Jessica',  'Garcia',  '1999-11-27',  218,  'Forward',  17,  34),
(293,  'Michael',  'Evans',  '2002-04-07',  172,  'Forward',  69,  34),
(294,  'Kiara',  'Mullins',  '1993-10-09',  191,  'Center',  22,  34),
(295,  'Darlene',  'Byrd',  '1991-07-28',  219,  'Center',  59,  34),
(296,  'Alyssa',  'Smith',  '1994-10-29',  214,  'Forward',  80,  34),
(297,  'Scott',  'Bowen',  '1994-05-24',  181,  'Guard',  8,  34),
(298,  'Samantha',  'Jensen',  '2004-04-17',  215,  'Forward',  4,  34),
(299,  'Michelle',  'Miller',  '1992-08-29',  188,  'Guard',  5,  34),
(300,  'Donald',  'Martinez',  '2002-04-23',  220,  'Guard',  5,  34),
(301,  'Michael',  'Jordan',  '1993-12-31',  190,  'Forward',  65,  290),
(302,  'John',  'Newman',  '1997-09-08',  195,  'Center',  60,  290),
(303,  'Angela',  'Greene',  '1998-12-08',  186,  'Guard',  96,  290),
(304,  'Kimberly',  'Vaughn',  '1999-07-04',  211,  'Guard',  36,  290),
(305,  'Jamie',  'Lawson',  '1995-08-30',  192,  'Guard',  83,  290),
(306,  'Julie',  'Phillips',  '1991-02-06',  191,  'Forward',  15,  290),
(307,  'Kristen',  'Leon',  '1997-05-21',  193,  'Forward',  51,  290),
(308,  'Troy',  'Rodriguez',  '2006-03-29',  217,  'Forward',  49,  290),
(309,  'Danielle',  'Jones',  '1989-08-26',  191,  'Guard',  63,  290),
(310,  'Valerie',  'Peck',  '1993-09-25',  214,  'Forward',  47,  290),
(311,  'Paul',  'Combs',  '2003-07-25',  203,  'Forward',  10,  290),
(312,  'Michael',  'Vega',  '2005-04-08',  216,  'Forward',  10,  290),
(313,  'Stephanie',  'Townsend',  '1989-10-23',  197,  'Center',  23, 304),
(314,  'Brenda',  'Smith',  '1996-08-01',  204,  'Forward',  41, 226),
(315,  'Bill',  'Brown',  '2002-10-13',  176,  'Guard',  41, 335),
(316,  'William',  'Fuller',  '2006-04-16',  212,  'Forward',  39, 10),
(317,  'Katie',  'Henderson',  '2002-12-06',  198,  'Center',  91, 360),
(318,  'Christopher',  'Herrera',  '1994-06-09',  197,  'Guard',  88, 139),
(319,  'Joshua',  'Collins',  '2006-08-22',  198,  'Forward',  57, 95),
(320,  'Samantha',  'Mccann',  '1994-07-12',  172,  'Center',  45, 226),
(321,  'Amanda',  'Myers',  '1991-06-29',  209,  'Forward',  35, 250),
(322,  'Kyle',  'Kim',  '1997-05-12',  210,  'Guard',  9, 53),
(323,  'Brian',  'Miller',  '2004-01-10',  212,  'Center',  51, 240),
(324,  'Darren',  'Salazar',  '1991-02-11',  193,  'Center',  95, 382),
(325,  'Kyle',  'Harmon',  '1995-03-21',  213,  'Guard',  3, 280),
(326,  'David',  'Zimmerman',  '1989-08-18',  179,  'Center',  86, 362),
(327,  'Frank',  'Benton',  '2007-01-14',  220,  'Forward',  4, 78),
(328,  'Zachary',  'Carson',  '1998-01-23',  178,  'Guard',  30, 379),
(329,  'Gary',  'Martinez',  '1998-05-22',  219,  'Center',  46, 72),
(330,  'Jessica',  'Wilson',  '1990-03-29',  193,  'Forward',  72, 372),
(331,  'Matthew',  'Patterson',  '2007-01-25',  172,  'Center',  19, 213),
(332,  'Caleb',  'Joseph',  '1991-11-12',  213,  'Forward',  47, 285),
(333,  'Tyler',  'Dixon',  '1991-02-16',  193,  'Forward',  97, 237),
(334,  'Victor',  'Bradley',  '2001-10-02',  174,  'Center',  17, 381),
(335,  'Eric',  'Ayala',  '1993-03-02',  203,  'Forward',  50, 369),
(336,  'Jeremy',  'Hicks',  '1990-09-28',  190,  'Center',  35, 254),
(337,  'Michele',  'Smith',  '1990-10-22',  185,  'Guard',  3,  118),
(338,  'Thomas',  'Reyes',  '1994-05-08',  217,  'Guard',  63,  118),
(339,  'Harold',  'Horne',  '1990-06-12',  203,  'Forward',  71,  118),
(340,  'Angela',  'Sloan',  '2003-07-06',  177,  'Forward',  99,  118),
(341,  'Jeffrey',  'Wright',  '2000-02-17',  186,  'Center',  57,  118),
(342,  'Joseph',  'Miller',  '2001-12-05',  183,  'Center',  36,  118),
(343,  'David',  'Nunez',  '1991-01-13',  214,  'Forward',  25,  118),
(344,  'Harry',  'Brock',  '1990-10-21',  177,  'Guard',  9,  118),
(345,  'Stephanie',  'Jones',  '2005-01-24',  198,  'Guard',  91,  118),
(346,  'Michelle',  'Ayala',  '1999-10-25',  198,  'Guard',  87,  118),
(347,  'Mark',  'Tran',  '1989-07-07',  190,  'Center',  44,  118),
(348,  'Miguel',  'Carter',  '1999-08-01',  215,  'Guard',  70,  118),
(349,  'Jodi',  'Sanchez',  '2001-10-09',  204,  'Forward',  38, 231),
(350,  'Brittany',  'Snyder',  '1995-11-22',  180,  'Center',  90, 389),
(351,  'Jessica',  'Payne',  '1997-08-01',  214,  'Center',  22, 201),
(352,  'Edward',  'Randolph',  '1990-01-21',  220,  'Forward',  65, 298),
(353,  'Jesse',  'Reed',  '1989-07-27',  184,  'Guard',  25, 319),
(354,  'Stephanie',  'Smith',  '2002-01-17',  220,  'Guard',  30, 2),
(355,  'Melinda',  'Acosta',  '1992-10-11',  220,  'Forward',  3, 9),
(356,  'Jamie',  'Bird',  '2003-07-12',  193,  'Center',  73, 135),
(357,  'Travis',  'Brown',  '1994-02-01',  193,  'Forward',  70, 321),
(358,  'Jennifer',  'Davis',  '1997-02-12',  178,  'Center',  11, 10),
(359,  'Phyllis',  'Meyer',  '2001-12-01',  174,  'Forward',  50, 74),
(360,  'Stephen',  'Adkins',  '1992-06-29',  215,  'Center',  61, 328),
(361,  'William',  'Walsh',  '2002-08-29',  203,  'Forward',  98,  170),
(362,  'Charles',  'Bradley',  '2004-01-16',  196,  'Center',  9,  170),
(363,  'Elaine',  'Anderson',  '1999-03-02',  178,  'Forward',  82,  170),
(364,  'Jose',  'Edwards',  '2002-08-12',  174,  'Forward',  59,  170),
(365,  'Jaclyn',  'Moss',  '2000-01-24',  213,  'Center',  44,  170),
(366,  'Shawn',  'Hall',  '1996-02-21',  178,  'Center',  81,  170),
(367,  'Derek',  'Carrillo',  '1992-12-13',  207,  'Guard',  98,  170),
(368,  'Eric',  'Martin',  '2005-02-05',  178,  'Forward',  64,  170),
(369,  'Lee',  'Martinez',  '2001-06-07',  173,  'Guard',  66,  170),
(370,  'Tami',  'Clark',  '1999-09-25',  179,  'Forward',  21,  170),
(371,  'Steven',  'Phelps',  '1992-04-26',  180,  'Forward',  90,  170),
(372,  'Eric',  'Parks',  '1990-08-13',  184,  'Forward',  66,  170),
(373,  'Jason',  'Gates',  '1994-04-16',  188,  'Guard',  32, 155),
(374,  'Christopher',  'Wright',  '2001-05-07',  182,  'Center',  70, 169),
(375,  'Randy',  'Williams',  '1999-05-30',  187,  'Guard',  80, 267),
(376,  'Jorge',  'Ewing',  '1990-04-20',  189,  'Center',  68, 103),
(377,  'Stephanie',  'Bond',  '1997-09-29',  175,  'Center',  82, 267),
(378,  'Cody',  'Garcia',  '1993-12-31',  180,  'Center',  74, 365),
(379,  'David',  'Brown',  '1996-10-21',  179,  'Guard',  84, 126),
(380,  'David',  'Colon',  '2001-11-28',  209,  'Center',  77, 117),
(381,  'Gina',  'Pace',  '1992-02-07',  191,  'Center',  5, 310),
(382,  'Brandi',  'Green',  '1991-10-17',  171,  'Guard',  5, 92),
(383,  'Andrew',  'Brown',  '2004-04-30',  211,  'Center',  33, 101),
(384,  'Lisa',  'Davis',  '2000-07-10',  211,  'Guard',  98, 66),
(385,  'David',  'Dunlap',  '1990-12-19',  206,  'Forward',  79,  128),
(386,  'Gary',  'Berry',  '2002-09-06',  210,  'Guard',  63,  128),
(387,  'Tyler',  'Reyes',  '2003-10-05',  210,  'Center',  37,  128),
(388,  'Gerald',  'Lewis',  '1995-08-11',  211,  'Forward',  61,  128),
(389,  'Joshua',  'Griffin',  '1994-04-20',  185,  'Center',  51,  128),
(390,  'Austin',  'Harvey',  '1997-08-09',  189,  'Forward',  9,  128),
(391,  'Deborah',  'Porter',  '2005-07-17',  214,  'Guard',  20,  128),
(392,  'Bruce',  'Ramirez',  '1993-11-29',  198,  'Forward',  61,  128),
(393,  'Robert',  'Day',  '2007-02-18',  199,  'Guard',  43,  128),
(394,  'John',  'Mcknight',  '1989-11-27',  208,  'Guard',  40,  128),
(395,  'Veronica',  'Casey',  '2001-06-17',  215,  'Forward',  93,  128),
(396,  'Timothy',  'Harrington',  '2000-12-12',  192,  'Forward',  16,  128),
(397,  'Roberta',  'Shaw',  '2002-06-16',  218,  'Forward',  65, 178),
(398,  'Joseph',  'Johnson',  '1996-09-10',  205,  'Guard',  40, 229),
(399,  'Anthony',  'Cochran',  '1998-10-20',  185,  'Forward',  15, 291),
(400,  'Brian',  'Frey',  '2001-05-28',  187,  'Forward',  31, 344);

-- Insert into Compets

INSERT INTO Compets (TeamScore, competId, TeamID, GameID, TournamentID) VALUES
(69, 365, 383, 309, 395),
(67, 307, 396, 400, 356),
(66, 379, 344, 329, 315),
(90, 369, 321, 314, 313),
(94, 301, 353, 306, 310),
(120, 337, 362, 361, 360),
(116, 381, 376, 325, 308),
(86, 319, 363, 397, 375),
(84, 378, 310, 332, 312),
(52, 338, 384, 382, 365),
(56, 400, 366, 346, 391),
(92, 334, 341, 307, 326),
(103, 356, 320, 367, 362),
(86, 360, 374, 342, 321),
(52, 357, 371, 360, 378),
(97, 304, 339, 353, 342),
(76, 363, 322, 348, 358),
(72, 341, 336, 326, 371),
(115, 329, 387, 308, 369),
(60, 344, 375, 318, 394),
(80, 303, 368, 373, 367),
(57, 382, 309, 303, 338),
(53, 371, 390, 379, 347),
(86, 370, 397, 341, 306),
(56, 333, 382, 343, 301),
(58, 311, 318, 310, 322),
(69, 354, 333, 380, 381),
(55, 355, 347, 375, 390),
(53, 343, 370, 365, 380),
(89, 385, 394, 363, 349),
(117, 353, 349, 374, 385),
(99, 326, 381, 322, 372),
(88, 377, 377, 364, 397),
(89, 322, 311, 369, 366),
(100, 325, 358, 335, 393),
(115, 316, 331, 336, 386),
(119, 367, 340, 390, 370),
(66, 380, 357, 383, 344),
(66, 389, 312, 351, 357),
(74, 317, 367, 359, 314),
(63, 359, 342, 304, 331),
(80, 342, 319, 385, 350),
(81, 358, 323, 368, 328),
(112, 386, 380, 387, 351),
(65, 364, 301, 321, 355),
(78, 327, 313, 371, 379),
(67, 314, 354, 386, 341),
(101, 351, 355, 347, 323),
(73, 347, 372, 319, 340),
(102, 387, 365, 301, 363),
(51, 368, 307, 352, 388),
(102, 302, 327, 357, 364),
(60, 310, 389, 345, 334),
(116, 313, 369, 396, 305),
(104, 308, 302, 331, 374),
(54, 336, 391, 327, 319),
(102, 335, 393, 358, 387),
(50, 397, 303, 330, 316),
(111, 352, 388, 393, 303),
(94, 315, 326, 392, 396),
(59, 392, 304, 370, 354),
(104, 306, 315, 354, 400),
(114, 318, 325, 302, 368),
(112, 395, 378, 388, 353),
(119, 388, 385, 391, 398),
(116, 384, 346, 320, 325),
(60, 328, 343, 305, 373),
(78, 312, 360, 394, 346),
(84, 324, 330, 317, 317),
(101, 376, 314, 323, 336),
(55, 366, 386, 377, 302),
(93, 391, 356, 349, 337),
(77, 383, 392, 311, 361),
(56, 350, 351, 366, 399),
(56, 372, 364, 395, 304),
(72, 398, 317, 328, 318),
(69, 396, 332, 372, 352),
(102, 362, 395, 378, 384),
(83, 393, 348, 384, 335),
(119, 309, 306, 355, 332),
(56, 346, 373, 333, 309),
(57, 348, 338, 338, 343),
(93, 305, 328, 356, 382),
(59, 375, 398, 389, 327),
(118, 320, 350, 340, 324),
(109, 330, 308, 315, 377),
(59, 345, 359, 381, 330),
(99, 331, 400, 312, 320),
(67, 373, 329, 344, 376),
(88, 323, 379, 350, 329),
(116, 374, 324, 316, 311),
(105, 340, 399, 313, 333),
(110, 399, 345, 398, 339),
(104, 321, 335, 362, 392),
(76, 332, 361, 337, 348),
(108, 349, 337, 376, 359),
(117, 394, 334, 399, 383),
(55, 361, 316, 324, 389),
(109, 339, 352, 334, 345),
(73, 390, 305, 339, 307);

-- Insert into Officiated_By

INSERT INTO Officiated_By (GameID, RefereeID) VALUES
(301, 306),
(302, 381),
(303, 338),
(304, 345),
(305, 353),
(306, 362),
(307, 377),
(308, 316),
(309, 313),
(310, 336),
(311, 365),
(312, 339),
(313, 321),
(314, 340),
(315, 315),
(316, 384),
(317, 394),
(318, 363),
(319, 344),
(320, 310),
(321, 385),
(322, 388),
(323, 317),
(324, 303),
(325, 373),
(326, 335),
(327, 374),
(328, 302),
(329, 330),
(330, 333),
(331, 386),
(332, 400),
(333, 393),
(334, 324),
(335, 372),
(336, 346),
(337, 387),
(338, 378),
(339, 369),
(340, 354),
(341, 337),
(342, 331),
(343, 328),
(344, 311),
(345, 389),
(346, 368),
(347, 391),
(348, 318),
(349, 342),
(350, 399),
(351, 390),
(352, 322),
(353, 358),
(354, 347),
(355, 359),
(356, 367),
(357, 382),
(358, 396),
(359, 397),
(360, 341),
(361, 329),
(362, 355),
(363, 398),
(364, 308),
(365, 326),
(366, 375),
(367, 366),
(368, 307),
(369, 334),
(370, 305),
(371, 356),
(372, 348),
(373, 380),
(374, 304),
(375, 312),
(376, 320),
(377, 371),
(378, 309),
(379, 343),
(380, 395),
(381, 360),
(382, 352),
(383, 370),
(384, 376),
(385, 314),
(386, 301),
(387, 357),
(388, 323),
(389, 379),
(390, 350),
(391, 351),
(392, 319),
(393, 383),
(394, 327),
(395, 364),
(396, 361),
(397, 349),
(398, 392),
(399, 325),
(400, 332);

